{"cameraMode":{"drawMode":0,"name":"Shaded","section":"Shading Mode"},"sceneLighting":false,"audioPlay":false,"sceneViewState":{"m_AlwaysRefresh":false,"showFog":true,"showSkybox":false,"showFlares":true,"showImageEffects":true,"showParticleSystems":true,"showVisualEffectGraphs":true,"m_FxEnabled":true},"in2DMode":false,"pivot":{"x":-2.9802322387695315e-8,"y":0.4975796341896057,"z":0.3256995677947998},"rotation":{"x":-0.011523514054715634,"y":0.9728595018386841,"z":-0.04965875670313835,"w":-0.22573742270469666},"size":0.7231493592262268,"orthographic":false}