{"cameraMode":{"drawMode":0,"name":"Shaded","section":"Shading Mode"},"sceneLighting":true,"audioPlay":false,"sceneViewState":{"m_AlwaysRefresh":false,"showFog":true,"showSkybox":true,"showFlares":true,"showImageEffects":true,"showParticleSystems":true,"showVisualEffectGraphs":true,"m_FxEnabled":true},"in2DMode":false,"pivot":{"x":37.981895446777347,"y":0.9143199324607849,"z":17.023683547973634},"rotation":{"x":-0.0009847766486927868,"y":0.9984301328659058,"z":0.018572987988591195,"w":0.053065843880176547},"size":6.288304805755615,"orthographic":false}